Titulo,Enlace,Resumen,Temas,Idioma,Title,URL,Summary,Tags,Language
Instituto de Enseñanza o Barra de Baile?  El Uso de La Legislación Sobre La Libertad de Información en Argentina ,http://www.freedominfo.org/2005/04/case-study-teaching-institute-or-dance-bar/,"El autor explica su prueba con someter una queja contra un bar ruidoso al otro lado de la calle de su residencia en Buenos Aires. Nada paso. Después, una investigación sobre la licencia de explotación del bar fue presentado abajo la ley del acceso a la información de 1998. La ciudad dijo que el bar era “un instituto de enseñanza, un instituto técnico [o] una academia.” Unos días después de la respuesta de la ciudad, se inició un incendio en otro club de baile, República Cromañón, matando 193 personas. Aprovechando la oportunidad para reforma, el compañero del autor escribió a Clarín. Su carta al editor destaca las implicaciones de seguridad pública de la corrupción y apoya los esfuerzos democráticos para involucrarse en regular la verificación de licencia. La atención mediática subsiguiente provocó la represión de los bares y las regulaciones por el gobierno de la ciudad, pero la historia es un testimonio como las leyes sobre la libertad de información puede ayudar el gobierno ser más efectivo a través de la participación ciudadana.  ","Seguridad Pública, Paticipación Ciudadana, Anticorrupción",Inglés,Teaching institute or dance bar? Putting local freedom of information legislation to use in Argentina,http://www.freedominfo.org/2005/04/case-study-teaching-institute-or-dance-bar/,"In this article, the author explains her ordeal with filing a complaint against a noisy bar across the street from her residence in Buenos Aires. Nothing happened. Next, an inquiry to the bar's operating license was filed under the city's 1998 acces to information law. The city said the bar was a ""teaching institute, techinal institute [or] academy."" Just days after the city's reply, a fire broke out in a different dance club, República Cromañón, killing 193 people. Seizing the opportunity for reform, the author's partner wrote to the Clarin, a widely-read daily publication. His letter to the editor highlighted the public safety implications of corruption and championed democratic efforts to get involved in regulating license verification. The ensuing media attention promped the city government to crack down on bars and safety regulations, but the story stands as a testament to how freedom of information laws can actually help government be more effective through citizen engagement.","Public Safety, Citizen Engagement, Anti-Corruption",English
La Campaña de La Libertad de Información en Argentina,http://www.freedominfo.org/wp-content/uploads/documents/farmelo.pdf,"Este artículo se enfoca principalmente en la historia y el proceso de aprobar leyes nacionales. Sin embargo, algunas anécdotas sobre solicitudes de información y su importancia también están incluidas. La primera relata una situación en cual un hospital público cesó de entregar medicina a pacientes de trasplante por razones inexplicadas. Para averiguar, los pacientes usaron las leyes de la libertad de información de la ciudad para demandar un explicación del hospital. Varias solicitudes salieron con evidencia que el hospital tenía capital bajo, dando la información necesaria a los pacientes para obtener su medicina a medias del sistema jurídico. La segunda era una historia de la periodista Sandra Crucianelli, quien estaba involucrada en una solicitud de información en la ciudad de Bahía Blanca sobre la calidad de agua, usando la ley de libertad de información provincial de Buenos Aires (más suave que la de la ciudad). La solicitud fue rechazada como la información era considerada potencialmente perniciosas a empresas locales, que eran sospechadas de contaminar el agua. La tercera era a cerca uno de los grupos ecologistas principales en el país, Fundación Ambiente y Recursos Naturales (FARN), que representan un residente del capital preocupado de la construcción de una reserva de lluvia en su barrio. Abajo la ley 104, él mismo podría ver los reportajes sobre el impacto ambiental del proyecto del gobierno municipal, facultando a aprender sobre los impactos a su casa.","Salud Pública, Anticorrupción",Inglés,The freedom of information campaign in Argentina,http://www.freedominfo.org/wp-content/uploads/documents/farmelo.pdf,"This article mostly focuses on the history and process of passing national laws. However, some anecdotes on information requests and why they are important are included. The first describes a situation in which a public hospital stopped giving medicine to transplant patients for unexplained reasons. To find out why, patients used the city's FOI law to demand an explanation from the hospital. Multiple requests surfaced evidence that the hospital was low on funds, giving the patients the necessary information to obtain their medicine through the legal system. The second is the story of journalist Sandra Crucianelli, who was involved with an information request to the city of Bahia Blanca regarding water quality, using the Buenos Aires province's FOI law (weaker than the city's). The request was turned down as the information was perceived as potentially harmful to the reputation of local companies, who were suspected of contaminating the supply. The third is about one of the country's leading environmental groups, Fundación Ambiente y Recursos Naturales (Environment and Natural Resources Foundation, FARN), who represented a Buenos Aires city resident concerned about the construction of a rainfall reservoir in his neighborhood. Under Law 104, he was able to see environmental impact reports on the project from the city government for himself, empowering him to learn about its effects on his home.","Public Health,  Anti-Corruption",English
Pocos datos sobre Aerolíneas Argentinas,http://chequeado.com/el-explicador/pocos-datos-sobre-aerolineas-argentinas/,"Una empresa estatal y un receptor de dinero estatal, Aerolíneas Argentina (AA) no ofrece un resumen sobre el equilibrio financiero en su sitio. Cuando Chequeado, un sitio argentino de comprobación de los hechos, hizo una solicitud por esa información, fue rechazado. La respuesta de AA era que aunque la información supuestamente era pública, no será publicada. Como resultado, todavía no sabemos donde va el dinero estatal de AA o cuanto es. Tal vez, las finanzas del año anterior, 2010, no están listas, pero los de 2009 también están inaccesibles. Aunque algunos citan la transición y el estado ambiguo de AA como una excusa, AA ha sido administrado por el estado desde 2008. Además, varias empresas en todo el mundo proporcionan esta información en sitios. Esta información es importante para ciudadanos que financian la empresa a medias sus impuestos. Entonces, ellos tienen el derecho a saber cómo el dinero está usado, especialmente en el caso de negocios subsidiados públicamente.","Anticorrupción, Finanzas y Economía, Empresas Públicas",Español,Little data exists on Argentina's state-funded airline,http://chequeado.com/el-explicador/pocos-datos-sobre-aerolineas-argentinas/,"A state entreprise and recipient of state money, Aerolineas Argentina (AA) does not publically provide a summary of financial balances on their website. When Chequeado, an Argentine website for fact-checking, called in a request for that information, they were turned away. AA's answer was that although the info was supposed to be public, it could not be provided at the time. As a result, we still do not know where state money to AA went, or how much. Perhaps it could be understandable that finances from the previous year, 2010, may have not been ready yet, but even those from the year before that were inaccessible. Although some may point to AA's transition and ambiguous status as an excuse, AA has been managed by the state since 2008. Furthermore, many public/state and private companies around the world do provide this information on websites. This information is important to citizens who finance the company through their taxes — as such, they have the right to know how their money is being used, especially in the case of publically subsidized businesses.","Anti-Corruption, Finance and Economy, State Enterprise",Spanish
Las respuestas a los pedidos de acceso por la base china en Neuquén,"http://chequeado.com/hilando-fino/las-respuestas-a-los-pedidos-de-acceso-por-la-base-china-en-neuquen/, http://chequeado.com/el-explicador/cinco-puntos-para-entender-la-estacion-espacial-china-en-neuquen/","En 2012, China firmó dos acuerdos de cooperación con Argentina – una con Comisión Nacional de Actividades Espaciales (CONAE) y otra con la provincia de Neuquén – por la construcción de una estación espacial para “apoyar actividades tales como la exploración interplanetaria, la observación astronómica, el seguimiento y control de satélites en órbita y la adquisición de datos.” El acuerdo estipula que el arrendamiento y el uso de China sobre esta estación espacial será por 50 año en cambio para el acceso limitado de CONAE. El Senado dio una aprobación preliminar al proyecto de ley que apoyó el proyecto espacial, que será finalizado en 2016. Chequeado pidió acceso a este acuerdo al Ministerio de Relaciones Exteriores y Culto. Porque hay críticas y sospechas sobre la razón por la estación espacial, posiblemente en relación a uso militar, esta información se juzgó importante al interés público. En órdenes del Ministerio de Relaciones Exteriores y Culto, CONAE respondió con publicar la copia del acuerdo, completa con con todas clausulas y todos anexos, aquí: http://www.scribd.com/doc/256407065/Acuerdo-Argentina-China. Según este documento, no hay cláusulas en relación a usos ambiguos de la estación.",Seguridad Nacional,Español,Answers to requests for access to information on the Chinese base in Neuquén,"http://chequeado.com/hilando-fino/las-respuestas-a-los-pedidos-de-acceso-por-la-base-china-en-neuquen/, http://chequeado.com/el-explicador/cinco-puntos-para-entender-la-estacion-espacial-china-en-neuquen/","In 2012, China signed two cooperative agreements with Argentina — one with Argentina's National Space Activities Commission (CONAE) and one with the province of Neuquén — for contruction of a satellite space station to ""support activities related to interplanetary exploration, astronomical observation, monitoring and control of satellites in orbit and data acquisition."" The agreement stipulates China's lease on and use of this station for 50 years in exchange for CONAE's lmited access to it. The Senate gave preliminary approval to a bill that supports the project, which will be finalized in 2016. Chequado asked Argentina's Ministry of Foreign Affairs and Worship for access to this agreement. Because there were criticisms and suspicions regarding the reason for the station linking it to possible military use, this information was deemed important to the public interest. On orders from the Ministry of Foreign Affairs and Worship, Argentina's National Space Activities Commission (CONAE) responded by releasing the the full copy of the agreement, complete with all clauses and annexes, here: http://www.scribd.com/doc/256407065/Acuerdo-Argentina-China. According to the document, there appear to be no clauses related to ambiguous uses of the station.",National Security,Spanish
Una empresa pública y Chevron: contrato secreto e investigación presidencial,http://chequeado.com/hilando-fino/ypf-chevron-contrato-secreto-e-investigacion-presidencial/,"La Corte Suprema ordenó una investigación sobre la firma del Presidente Kirchner de un contrato entre YPF, la empresa argentina petrolera, y Chevron a causa de las preocupaciones sobre conflictos de interés y el abuso de poder. Chequeado hizo una solicitud para acceder la información sobre el contrato bajo el Decreto 1172/03. YPF respondió con negar el acceso porque era “una empresa pública” y que “sus valores están en el mercado de capital,” poniéndolo fuera de la jurisdicción del Decreto. Sin embargo, este pretexto ha sido puesta en cuestión dado que la ley se aplica a empresas privadas que reciben fondos públicos, como YPF.","Empresas Públicas, Anticorrupción, Finanzas y Economía",Español,Public energy and Chevron: a secret contract and a presidential investigation,http://chequeado.com/hilando-fino/ypf-chevron-contrato-secreto-e-investigacion-presidencial/,"The Supreme Court ordered an investigation into President Kirchner's signing of a contract between YPF (Argentina's energy company) and Chevron given concerns over a conflict of interest and abuse of power. Chequeado made a request for access to information about the contract under Decree 1172/03. YPF answered by denying access to the information on the grounds of being a ""publically held company"" that has ""securities in the capital market,"" leaving it outside the scope of the Decree's jurisdiction. However, this argument has been called into question given that the law applies to private companies that receive public funding, as is the case of YPF.","State Enterprise, Anti-Corruption, Finance and Economy",Spanish
¿Kirchner no tiene título de abogada?,http://chequeado.com/ultimas-noticias/icfk-no-tiene-titulo-de-abogada/,"Ha habido mucha confusión acerca de la licenciatura en derecho del Presidente y si ella lo tiene o no. Chequeado ha hecho una solicitud para recibir una copia abajo el Decreto 1172/03. El 5 de diciembre de 2014, Chequeado recibió una respuesta del Secretario General de la Presidencia fechada el 25 de noviembre declarando que una copia no puede ser otorgada porque contiene “información personal” (Ley 25.326). Esta misma ley fue citada por el Ministerio de Desarrollo Social al Centro de Implementación de Políticas Públicas para la Equidad y el Crecimiento (CIPPEC) sobre la información de beneficiarios de planes sociales. Sin embargo, esa solicitud involucro información de ciudadanos privados, mientras la posición del Presidente no es cubierta por las mismas protecciones.","Funcionarios Públicos, Datos Personales y Confidencialidad",Español,Does Kirchner actually have a law degree?,http://chequeado.com/ultimas-noticias/icfk-no-tiene-titulo-de-abogada/,"There has been a lot of commotion surrounding the President’s law degree and whether she actually has one or not. Chequeado made a request to receive a copy under Decree 1172/03. On December 5, 2014, Chequeado received a response from the Secretary General of the Presidency dated November 25th stating that a copy cannot be given as it contains “personal information” (Law 25.326). This same statue was cited by the Ministry of Social Development to the Center for the Implementation of Public Policies Promoting Equity and Growth (CIPPEC) over information on beneficiaries of social plans. However, that request involved information from private citizens, whereas the position of President is not covered by the same protections.","Public Officials, Personal Information and Privacy",Spanish
Solicitudes de información para las comunicaciones entre el gabinete y el departamento de seguridad nacional,http://chequeado.com/ultimas-noticias/jorge-capitanich-jefe-de-gabinete-de-la-nacion-qen-este-telefono-no-hay-ningun-llamado-del-gobernador-jose-manuel-de-la-sotaq/,"El 20 de diciembre de 2013, Chequeado, con La Voz Interior de Córdoba, un periódico, hizo una solicitud de comunicación entre la Jefatura de Gabinete de Ministros y el Ministerio de Seguridad Interior durante las protestas en la provincia el 3-4 de diciembre para confirmar si o no el gobierno provincial solicitaron ayuda del gobierno nacional. La Voz había solicitado previamente la misma información del Ministerio provincial de la Comunicación y El Desarrollo. Les mandaron a La Voz respuestas detallando los intentos de comunicación entre los oficiales durante las protestas, ayudando los periodistas descubrir como la Ley de Seguridad Interior 24.059 – la ley que permite tales solicitudes para ayuda – fue usada entre el caos. ","Seguridad Nacional, Funcionarios Públicos",Español,Requests for official communications between the Cabinet and Homeland Security,http://chequeado.com/ultimas-noticias/jorge-capitanich-jefe-de-gabinete-de-la-nacion-qen-este-telefono-no-hay-ningun-llamado-del-gobernador-jose-manuel-de-la-sotaq/,"On December 20, 2013, Chequeado, along with La Voz Interior de Cordoba, a newspaper, made a request for communications between the Chief of the Cabinet of Ministers and the Ministry of Homeland Security during protests in the province on December 3-4 to confirm whether or not the provincial government asked for assistance from the national government. La Voz had previously requested the same information from the provincial Ministry of Communication and Development. They were sent responses detailing communication attempts between officials during the protests, helping journalists unravel how Homeland Security Act No. 24.059 — the law that allows for such requests for assistance to be made — was being used in the chaos.","National Security, Public Officials",Spanish
Haciendo los sueldos del Presidente y los Ministros públicos en menos de 24 horas,http://blogs.lanacion.com.ar/projects/data/journalism-and-access-to-information-how-we-got-the-government-to-inform-on-the-salary-of-the-president-and-here-ministers/,"Una ONG anónima pidió información sobre el Presidente y los sueldos de los funcionarios públicos. La Nación pidió una solicitud similar pidiendo solamente los sueldos más altos de los funcionarios públicos. Ambas solicitudes fueron negadas a causa de la ley argentina sobre los datos sensibles (25.326). El 20 de febrero de 2014, La Nación publicó esta correspondencia, aumentando la presión al gobierno para liberar los datos. En consecuencia, el Secretario General del Presidente publicó una lista de los 20 sueldos más altos en el gobierno argentino. (http://blogs.lanacion.com.ar/projects/files/2014/04/PlanillaSueldos2012.jpg). El próximo día, esta información se conoció como la primera página, mostrando el poder de los medios para incoar el cambio socio y acción dentro el gobierno con las herramientas correctas.  ","Funcionarios Públicos, Finanzas y Economía",Inglés,Making public the salaries of the President and ministers in less than 24 hours,http://blogs.lanacion.com.ar/projects/data/journalism-and-access-to-information-how-we-got-the-government-to-inform-on-the-salary-of-the-president-and-here-ministers/,"An unnamed NGO asked for information regarding the President and public officials' wages. La Nacion composed a similar request asking for only the highest of government workers' salaries. Both requests were denied due to Argentina's sensitive data law (25.326). On February 20, 2014, La Nacion published the records of this correspondence, piling pressure on the government to release the data. Consequently, the Secretary General of the Presidency published a list of the top 20 earners in the Argentine government (http://blogs.lanacion.com.ar/projects/files/2014/04/PlanillaSueldos2012.jpg). The next day this information became front page news, revealing the power of the media to ignite change and action in government when equipped with the right tools.","Public Officials, Finance and Economy",English
Acceso al aborto legal y a la anticoncepción: pedido de informes al Ministro de Salud de Mendoza,http://www.amnistia.org.ar/noticias-y-documentos/archivo-de-noticias/argentina-128,"Este artículo es sobre una solicitud reciente de información en nombre de varias organizaciones y Amnistía Internacional al Ministro de Salud en Mendoza. La solicitud pide el acceso a los datos sobre la contracepción, el aborto legal, y la salud total de las mujeres, los adolescentes, y los niños en toda la provincia. Las consultas sobre la salud fueron provocadas por César Mosso Gianini, asesor al gobierno de Mendoza, quien publicó unas opiniones sobre la inconstitucionalidad y la ilegalidad del aborto. El acceso a tal información puede ser útil en determinar si los funcionarios públicos están siguiendo la ley o están dejando sus opiniones personales influir sus acciones juradas.","Salud Pública, Funcionarios Públicos",Español,Access to legal abortion and contraception: information requests from the health ministry of Mendoza,http://www.amnistia.org.ar/noticias-y-documentos/archivo-de-noticias/argentina-128,"This article concerns a recent information request on behalf of numerous organizations and Amnestry International to the Minister of Health in Mendoza. It asks for data on access to contraception, legal abortion and the overall health of women, adolescents and children throughout the province. Inquiries into the matter were all prompted by César Mosso Gianini, an advisor to Mendoza's government, who published a series of opinions on the ""unconstitutionality"" and ""illegality"" of abortion. Access to such information can be helpful in determining whether public officials are following the rule of law or letting their personal opinions sway their sworn actions.","Public Health, Public Officials",Spanish
Solicitudes de información de las provincias Argentinas sobre el aceso al aborto,"http://www.adc.org.ar/2013/wp-content/uploads/2013/12/Aborto-NP-protocolos-comparados-ADC-dic2013.pdf, http://despenalizacion.org.ar/pdf/publicaciones/ADC-Acceso-al-aborto-no-punible-Marzo-2015.pdf, http://www.adc.org.ar/download.php?fileId=591","Es un artículo y unos reportajes sobre las solicitudes de información de las provincias sobre el acceso al aborto. Muchas provincias no reciben alguna respuesta del Ministerio de Salud. En octubre de 2012 y febrero en 2013, la Asociación por los Derechos Civiles (ADC) hizo solicitudes a las provincias sobre el Programa de Salud Sexual y Responsabilidad y no recibieron una respuesta. Para abril de 2013, solamente las provincias de Buenos Aires, Buenos Aires, Jujuy, Neuquén, Entre Ríos, Corrientes, Misiones, San Juan, Santa Cruz, y CABA (9 en total) respondieron. Finalmente, ADC contacto los Programas de Salud Sexual en estas provincias a través de email y teléfono entre septiembre y octubre de 2013. Las cartas enviadas de ADC a las provincias en septiembre de 2013 también no fueron reconocidas. En septiembre de 2014, ADC hizo otras solicitudes al Ministerio de Salud Pública a cada provincia – otra vez en vano. En febrero de 2015, ADC le pidió a los ministerios mismos, que respondieron que ellos recibieron una notificación judicial el mes anterior que los proveedores de salud deberían evitar impedimentos legales para completar procedimientos de aborto sin demora. Nos datos fueron recibidos de las provincias numerosas, que es en mayor detalle en el reportaje – pero el medio de las agencias sobre datos abiertos es evidente.",Salud Pública,Español,Requests for information from Argentina's provinces on access to abortion,"http://www.adc.org.ar/2013/wp-content/uploads/2013/12/Aborto-NP-protocolos-comparados-ADC-dic2013.pdf, http://despenalizacion.org.ar/pdf/publicaciones/ADC-Acceso-al-aborto-no-punible-Marzo-2015.pdf, http://www.adc.org.ar/download.php?fileId=591","This is an article and a couple of reports on requests for information from Argentina's provinces on access to abortion. Many provinces did not receive any response from their Ministry of Health. In October 2012 & February 2013, the Association for Civil Rights (ADC) made requests to the provinces regarding the Program of Sexual Health and Responsibility and did not receive a response. By April 2013, only the provinces of Buenos Aires, Jujuy, Neuquen, Entre Rios, Corrientes, Missions, San Juan, Santa Cruz, and Buenos Aires (in total 9) had responded. Finally, ADC contacted Programs on Sexual Health in those provinces through email and phone between September and October 2013. Letters sent by ADC to the provinces in September 2013 were also not acknowledged. In September 2014, ADC made another round of requests to the Ministry of Public Health of each province — once again to to no avail. In February 2015, ADC called the ministries themselves, who told them that they had received a judicial notice the previous month that health providers ought to avoid administrative impediments so as to complete abortion procedures without delay. No data was received from numerous provinces, which is further detailed in the report — but the agencies' fear of open information is quite telling.",Public Health,Spanish
¿Como el gobierno calcula el índice económico?,http://www.adc.org.ar/583_la-justicia-intimo-al-indec-a-informar-como-calcula-la-inflacion/,"El 18 de julio de 2007, Asociación por los Derechos Civiles (ADC) le pidió información al Instituto Nacional de Estadística y Censos (INDEC) sobre su metodología y variables cuando calcularon el índice de precios al consumo. ADC otra vez preguntó sobre los medios legales en el 17 de agosto de 2007, después que INDEC no respondió inicialmente. Entonces INDEC respondió con información limitada, notablemente sin las variables y sin especificar los métodos. En octubre de 2008, una corte decidió a favor de ADC y pidió INDEC de proporcionar la información solicitada. Los datos fueron disponibles públicamente en el sitio de INDEC agosto de 2009. Esta decisión de la corte representa un reconocimiento importante del derecho constitucional de cada persona al acceso de información pública en poder del estado.",Finanzas y Economía,Español,How does the government calculate economic indices?,http://www.adc.org.ar/583_la-justicia-intimo-al-indec-a-informar-como-calcula-la-inflacion/,"On July 18, 2007, the Asociación por los Derechos Civiles (ADC) asked the National Statistics and Censuses Institute (INDEC) for information regarding their methodology and variables when calculating the consumer price index. ADC asked again through legal means in August 17, 2007 after INDEC did not initially respond. INDEC then responded with limited information, notably leaving out variables and not specifying their methods. In October 2008, a court ruled in favor of ADC and asked INDEC to provide the solicited information.   The data was made publicly available on INDEC’s website August 2009. This ruling represents a significant recognition of the constitutional right of every person to have access to public information held by the state.",Finance and Economy,Spanish
"Los ONGs piden al congreso información sobre los empleados del gobierno, los presupuestos y las subvenciónes","http://www.adc.org.ar/ong-demandaron-a-la-camara-de-diputados-y-al-senado-por-no-informar-sobre-empleados-presupuesto-y-subsidios/, http://www.adc.org.ar/la-justicia-obligo-al-senado-a-dar-informacion-publica-solicitada-por-varias-ong/, http://www.lanacion.com.ar/1782249-demandan-al-congreso-por-no-brindar-informacion-publica, http://poderciudadano.org/?p=7189","En 2011, la Asociación Civil por la Igualdad y la Justicia (ACIJ), la Asociación por los Derechos Civiles (ADC), la Fundación Directorio Legislativo, y Poder Ciudadano demandaron información sobre los contratos de trabajo (a tiempo parcial o a tiempo completo), los gastos de la comunidad, y las becas y los subsidios dados los diputados del Congreso y el Senado. En agosto de 2014, ellos, con varias ONGs, otra vez demandaron esta información, indicando que la información no era disponible públicamente en sus sitios. En febrero de 2015, después de recibir ninguna respuesta, los ONGs iniciaron demandas contra el Congreso y el Senado. La Corte Administrativa dio la razón a ADC, ACIJ, Directorio Legislativo and Poder Ciudadano. El Senado tuvo 15 días para responder ahora. La otra información solicitada fue publicada en el sitio del Senado, indicando un triunfo grande para CSO que tratan de aumentar la participación pública.","Paticipación Ciudadana, Funcionarios Públicos, Finanzas y Economía",Español,"NGOs ask the house and senate for information on government employees, budgeting information and subsidies","http://www.adc.org.ar/ong-demandaron-a-la-camara-de-diputados-y-al-senado-por-no-informar-sobre-empleados-presupuesto-y-subsidios/, http://www.adc.org.ar/la-justicia-obligo-al-senado-a-dar-informacion-publica-solicitada-por-varias-ong/, http://www.lanacion.com.ar/1782249-demandan-al-congreso-por-no-brindar-informacion-publica, http://poderciudadano.org/?p=7189","In 2011, the Asociación Civil por la Igualdad y la Justicia (ACIJ), the Asociación por los Derechos Civiles (ADC), the Fundación Directorio Legislativo, and Poder Ciudadano requested information on employee contracts (part-time or full time), community expenses, and the grants and subsidies given to the Congressmen of the House and the Senate. In August 2014, they, along with several NGOs, once again requested this information, indicating that the information was not made available on their websites. In February 2015, after receiving no response, the NGOs filed two lawsuits suing the House and the Senate. The Administrative Court ruled in favor of ADC, ACIJ, Directorio Legislativo and Poder Ciudadano. The Senate has 15 days to respond now. The rest of the information requested was made public on the Senate website, signaligning a huge victory for civil society groups trying to bolster public engagement.","Citizen Engagement, Public Officials, Finance and Economy",Spanish
La justicia obliga a la dirección de datos personales a dar información sobre su funcionamiento,http://www.adc.org.ar/la-justicia-obliga-a-la-direccion-de-datos-personales-a-dar-informacion-sobre-su-funcionamiento/,"En 2013, Manuel Garrido, un diputado argentino, pidió información de la Dirección Nacional de Protección de Datos Personales (DNPDP) sobre el nombramiento del director del departamento, pero fue inicialmente negado porque se argumentó que los diputados renuncian sus derechos a tales solicitudes un vez en la oficina. La Corte Suprema dio la razón a Garrido, patrocinado por la Asociación por los Derechos Civiles (ADC). Esto solidificó el hecho que estar en ciertas posiciones de emplea no limita tu habilidad para hacer solicitaciones de información.",Funcionarios Públicos,Español,Judges mandate personal data be produced on the appointment of department director ,http://www.adc.org.ar/la-justicia-obliga-a-la-direccion-de-datos-personales-a-dar-informacion-sobre-su-funcionamiento/,"In 2013, Manuel Garrido, an Argentine deputy, requested information from the National Directorate for the Protection of Personal Data about the appointment of the department's director, but was initially denied because it was argued that deputies waived their rights to such requests once in office. The Supreme Court ruled in favor of Garrido, sponsored by the Asociación por los Derechos Civiles (ADC). This solidified the fact that being in certain positions of employment does not limit your ability to make information requests.",Public Officials,Spanish
La corte bonaerense obliga a informar los días sin clases de alumnos secundarios,http://www.adc.org.ar/la-corte-bonaerense-obliga-a-informar-los-dias-sin-clases-de-alumnos-secundarios/,"Como un resultado de los esfuerzos de Asociación por los Derechos Civiles (ADC) comenzados en 2007, la Corte Suprema ordenó que el Director General de Cultura y Educación de la Provincia de Buenos Aires publique la información sobre cuántos días no hay clases a causa de la ausencia de maestros, principalmente en 36 escuelas. El Director General tiene 15 días para responder. La solicitud es otro ejemplo como las leyes por la libertad de la información le dan herramientas a ciudadanos para evaluar como impuestos están usados, especialmente relacionado con el bienestar de ellos y sus hijos. ",Educación ,Español,Courts order release of information on teacher absenteeism,http://www.adc.org.ar/la-corte-bonaerense-obliga-a-informar-los-dias-sin-clases-de-alumnos-secundarios/,"As a result of the efforts of the Asociación por los Derechos Civiles (ADC) beginning in 2007, the Supreme Court ordered the Director General of Culture and Education of the Province of Buenos Aires to release information on the amount of days no classes are taught due to the absence of teachers, specifically in 36 schools. The Director General has 15 days to respond. The request serves as yet another example of how freedom of information laws give citizens tools to evaluate how tax dollars are being spent, especially when it comes to their welfare and that of their children.",Education ,Spanish
"El derecho de acceso a la información en Argentina, un mapa",http://blogs.lanacion.com.ar/data/acceso-a-la-informacion-2/el-derecho-de-acceso-a-la-informacion-en-argentina-un-mapa/,"Aunque no es una solicitud de información, el sitio cita las leyes de libertad de información de Argentina a nivel nacional, provincial, y local. Lo siguiente sirve como un recurso útil para gente interesada en como leyes son diferentes en jurisdicción y pueden ayudar en la creación de leyes de gran alcance y nivel. ",Paticipación Ciudadana,Español,The right to access to information in Argentina: a roadmap,http://blogs.lanacion.com.ar/data/acceso-a-la-informacion-2/el-derecho-de-acceso-a-la-informacion-en-argentina-un-mapa/,"Although not a FOI request, this site lists Argentina's national, provincial, and local FOI laws. The following serves as a useful resource for those interested in how laws vary from jurisdiction to jurisdiction and can aid in the creation of top-level, wider-reaching laws on the subject.",Citizen Engagement,Spanish
El Gobierno volvió a negarse a informar el dato oficial de pobreza,http://www.lanacion.com.ar/1834023-el-gobierno-volvio-a-negarse-a-informar-el-dato-oficial-de-pobreza,"Este artículo se enfoca sobre el rechazo del gobierno argentino a proporcionar datos oficiales sobre tasas de pobreza. El último índice oficial de la pobreza fue publicada en 2013, pero fue discontinuada debido a los problemas sobre su metodología que determina los niveles de pobreza. Aunque el Instituto Nacional de Estadística y Censos (INDEC) declaró que hay casi 6000 maneras de calcular la pobreza, nada fue publicado sobre cómo esto puede ser hecho. Cuando Axel Kicillof, el Ministro de Economía y Finanzas Públicas en Argentina, se pidió porque los datos no fueron publicados, él no abordó el problema pero respondió evasivamente. Tal como, el silencio plantea preguntas sobre como ciudadanos pueden seguir participando en conciencia y acción sobre mejorar el nivel de vida para todos cuando la información sobre su método es ocultada del público. ","Finanzas y Economía, Salud Pública",Español,The government continues to turn its back on providing official data on poverty,http://www.lanacion.com.ar/1834023-el-gobierno-volvio-a-negarse-a-informar-el-dato-oficial-de-pobreza,"This article describe's the Argentine government's refusal to provide official data on poverty rates. The last official index on poverty was published in 2013, but was discontinued due to problems with how its methodology determined levels of poverty. Although Argentina's National Statistics and Censuses Institute (INDEC) stated that there are about 6000 ways to calculate poverty, nothing was ever published regarding how this could be done. When Axel Kicillof, Argentina's Minister of Economy, was asked to explain why the data was not published, he didn't address the issue, but rather answered evasively. As such, the silence raises questions on how citizens can remain engaged in awareness and action around improving the standard of living for everyone when information on its metric is kept hidden from the public.","Finance and Economy, Public Health",Spanish
Los planes sociales no deben ser un secreto,http://www.lanacion.com.ar/1686931-los-planes-sociales-no-deben-ser-un-secreto,"Este artículo se enfoca en situaciones en cual el gobierno negó solicitudes de información que el Centro de Implementación de Políticas Públicas para la Equidad y el Crecimiento (CIPPEC) pidió, principalmente pidiendo una lista de nombres y números de identificación de destinatarios de planes sociales porque hay una violación de privacidad. El artículo critica la transparencia de Argentina y el acceso a leyes de información, como medios legales y actuales en adquirir información son rechazados a menudo, resultando en respuestas incompletas que citan privacidad y “información personal” como excusas. Estas anécdotas son indicativas de leyes llenas de vacíos y crean impulsos alrededor aumentar el poder de la legislación de información pública.  ",Datos Personales y Confidencialidad,Español,Social planning should not be kept secret,http://www.lanacion.com.ar/1686931-los-planes-sociales-no-deben-ser-un-secreto,"This article describes sitatuations in which the government denied requests for information that the Center for the Implementation of Public Policies Promoting Equity and Growth (CIPPEC) sent out, namely one that asked for a list of names and ID numbers of social plan recipients due to a violation of privacy. The article criticizes Argentina’s transparency and access to information laws, as current legal means in acquiring information are often rebuffed, resulting in incomplete responses with no justification or agencies citing privacy and “personal information” as excuses. These anecdotes are indicative of laws filled with loopholes and create momentum around bolstering the power of public information legislation.",Personal Information and Privacy,Spanish
Fragmentos de Luz: La Libertad de Información en Argentina,"http://www.economist.com/blogs/americasview/2014/03/freedom-information-argentina, http://blogs.lanacion.com.ar/data/acceso-a-la-informacion-2/informes-de-acij-y-adc-muestran-problemas-en-el-acceso-a-la-informacion-publica/, http://www.documentcloud.org/documents/705465-acij-acceso-a-la-informacion.html","El 26 de marzo en 2014, la Corte Suprema decidió que el gobierno debe liberar la información relacionada con los programas administrados por el ministerio de desarrollo social, incluyendo las listas de beneficiarios. Las solicitudes por esta información han sido rechazadas porque tal información afecta grupos vulnerables. El centro de Implementación de Políticas Públicas para la Equidad y el Crecimiento (CIPPEC), un grupo argentino de estudios, tuvo su solicitud de 2007 rechazada. Cuando CIPPEC pidió información financiera similar de 14 empresas estatales, solamente tres mando más de medio de la información pedida. En una acción similar, la Asociación por los Derechos Civiles (ADC) hizo 49 solicitudes a varios departamentos gubernamentales, cuales 47% fueron respondidas satisfactoriamente. La Asociación Civil por la Igualdad y la Justicia (ACIJ) pretendió investigar el poder del decreto ejecutivo y presentó 44 solicitudes de información entre enero de 2012 y 2013: 14 no fueron respondidas, 14 fueron respondidas después de 10 días, y 16 fueron respondidas a tiempo. Sobre la calidad de las respuestas, solamente 12 fueron respondidas completamente y adecuadamente como es declarado en el decreto. Los reportajes sobre las respuestas insuficientes a las solicitudes de información son rampantes y quizás hacen el caso para consecuencias más fuerte en el caso de respuestas inferiores.  ","Salud Pública, Funcionarios Públicos","Inglés, Español",Shards of light: Freedom of information in Argentina,"http://www.economist.com/blogs/americasview/2014/03/freedom-information-argentina, http://blogs.lanacion.com.ar/data/acceso-a-la-informacion-2/informes-de-acij-y-adc-muestran-problemas-en-el-acceso-a-la-informacion-publica/, http://www.documentcloud.org/documents/705465-acij-acceso-a-la-informacion.html","On March 26, 2014, the Supreme Court ruled that the government must release information related to the programs administered by the ministry of social development, including lists of beneficiaries. Requests for this information have been previously rejected on the grounds that such information affects vulnerable groups. The Center for the Implementation of Public Policies Promoting Equity and Growth (CIPPEC), an Argentine think tank, had its 2007 request for this information denied. When CIPPEC requested finanicial information in the same vein from 14 state-run companies, only three sent more than half of the requested data. In a similar move, the Asociación por los Derechos Civiles (ADC) sent 49 requests to various government departments, oh which only 47% were answered satisfactorily. The Asociación Civil por la Igualdad y la Justicia (ACIJ) sought to investigate the Executive Decree's power and submitted 44 requests of info between January 2012 and 2013: 14 were not answered, 14 were answered after 10 days, and 16 were answered on time. Regarding the quality of answers, only 12 answered completely and adequately as stated in the Decree. Reports of insufficient responses to information requests are rampant, and perhaps make the case for stronger consequences in the case of shoddy replies.","Public Health, Public Officials","English, Spanish"
Los datos personales y los contratos de televisión: financiados con fondos públicos,"http://acij.org.ar/sin-corrupcion/2012/acceso-a-la-informacion-publica-adc-presenta-un-amparo-contra-la-jefatura-de-gabinete/, http://www.adc.org.ar/1008_ordenan-al-estado-entregar-contratos-de-la-tv-publica/","La Asociación por los Derechos Civiles (ADC) demandó acceso a contratos con la productora “Pensado para Televisión.” En diciembre de 2012, una periodista Mariel Fitz Patrick le pregunto a la Jefatura de Gabinete de Ministros por una copia de los contratos de 2010, 2011, y 2012 entre la productora y Radio y Televisión Argentina SE, la empresa pública que administra los medios estatales y nacionales, y fue rechazada. La Jefatura respondió que ella tendrá que demostrar un interés legítimo para tener acceso. Además, el acceso a los contratos fue rechazado porque tenían “información sensible.” La situación es indicativa de los vacíos en el proceso de respuestas a solicitudes, alrededor la privacidad supuesta de cierta información incluso cuando involucra la financiación pública, y el interés en el resultado de la solicitud, que en muchos casos no se limitan al individual.  ","Datos Personales y Confidencialidad, Empresas Públicas",Español,Sensitive information and TV contracts: what's being publicly funded,"http://acij.org.ar/sin-corrupcion/2012/acceso-a-la-informacion-publica-adc-presenta-un-amparo-contra-la-jefatura-de-gabinete/, http://www.adc.org.ar/1008_ordenan-al-estado-entregar-contratos-de-la-tv-publica/","The Asociación por los Derechos Civiles (ADC) demanded access to contracts with the production company “Pensado para Televisión” (Thinking for TV). In December 2012, journalist Mariel Fitz Patrick asked the Chief of the Cabinet of Ministers for a copy of the 2010, 2011, and 2012 contracts between this production company and Radio y Televisión Argentina SE, the public entreprise that manages the national/state media, and was turned away. The Chief responded that she would have to demonstrate a legitimate interest to have access. Furthermore, access was denied to the contracts as they included ""sensitive information."" The situation is indicative of loopholes in the procedure for responding to requests, both around the supposed privacy of certain information even when it involves public funding, and interest in the outcome of the request, which in many cases extends beyond the individual.","Personal Information and Privacy, State Enterprise",Spanish
Pedido de información por la tragedia de ferrocarril en 2012,"http://acij.org.ar/sin-corrupcion/2012/pedido-de-informacion-por-la-tragedia-en-once-la-respuesta-de-adif/, http://acij.org.ar/sin-corrupcion/2012/la-respuesta-de-la-cnrt/","En agosto de 2012, la Asociación Civil por la Igualdad y la Justicia (ACIJ) hizo una solicitud para acceder información de la Comisión Nacional de Regulación de Transporte (CNRT), del Administrador de Infraestructuras Ferroviarias (ADIF), y del Secretario de Transportes para aprender más sobre las funciones y las responsabilidades de estas organizaciones, siguiendo el accidente ferroviario en Sarmiento el 22 de febrero de 2012. ADIF respondió a la solicitud de ACIJ diciendo que no tiene la jurisdicción sobre la línea ferroviaria en cuestión. CNRT respondió que la solicitud de ACIJ sobre las responsabilidades de transportación con un reporte detallando sanciones económicas y tarifas de CNRT a TBA, un concesionario relacionado con las líneas Sarmiento y Mitre. En respuesta a la pregunta de ACIJ, “CNRT tuvo cualquier reportaje sobre los riesgos de TBA y la manera que corría su servicio?”, CNRT declaró que la agencia se limitaba a inspecciones, reportajes, y multas, pero no mandó cualquier reportaje demostrando si este era el caso. Entonces, ACIJ mandó una solicitud nueva de información para verificar la respuesta que fue proporcionada. Las solicitudes demuestran las maneras en cual revelaciones de leyes de libertad de información pueden informar mejor resultados de seguridad pública.","Empresas Públicas, Seguridad Pública",Español,Investigations into the railroad tragedy of 2012,"http://acij.org.ar/sin-corrupcion/2012/pedido-de-informacion-por-la-tragedia-en-once-la-respuesta-de-adif/, http://acij.org.ar/sin-corrupcion/2012/la-respuesta-de-la-cnrt/","In August 2012, the Asociación Civil por la Igualdad y la Justicia (ACIJ) made a request to access information from the National Commission for Transport Regulation (CNRT), the Railway Infrastructure Administration (ADIF), and the Secretary of Transportation in order to learn more about the functions and responsibilities of these organizations following the Sarmiento railroad accident on February 22, 2012. ADIF responded to ACIJ's request by saying that it does not have jurisdiction over the railway line in question. CNRT responded to ACIJ’s request on transportation responsibilities with a report detailing numerous economic sanctions and fees from CNRT to TBA, a dealership/concessionaire related to the Sarmiento and Mitre lines. In response to ACIJ’s question, “Did CNRT have any report on the risks that TBA and the way it ran its service?”, CNRT stated that the agency limited itself to inspections, reports, and penalties, but did not send any report proving this to be the case. Thus, ACIJ sent a new request for information to verify the response that was provided. The requests are demostrative of the ways in which revelations from freedom of information laws can help better inform public safety outcomes.","State Enterprise, Public Safety",Spanish
¿Porque no existe un un registro de los regalos a los funcionarios públicos?,"http://acij.org.ar/sin-corrupcion/2012/clarin-escribe-sobre-nuestro-pedido-de-informacion/, http://acij.org.ar/sin-corrupcion/2012/respuesta-de-la-oa-acerca-de-la-reglamentacion-de-obsequios/","La Asociación Civil por la Igualdad y la Justicia (ACIJ) y el Centro de Investigación y Prevención de la Criminalidad Económica (CIPCE) pidieron información de la Oficina Anticorrupción (OA) sobre la regulaciones de regalos a funcionarios públicos. CIPCE y ACIJ preguntaron OA información sobre a) si o no un mecanismo de Registro de Regalos y Beneficios a Funcionarios Públicos ha sido implementada? b) si no, cuáles razones prohibieron la implementación? y c) desde cuando hasta que un mecanismo será implementada? OA respondió el 28 de noviembre y no dio razones específicas por la ausencia de un mecanismo y un calendario de proyecto.  El director de Planificación de Políticas de Transparencia de la OA no respondió a la mayoría de preguntas de las ONGs. Específicamente, no hubo una respuesta porque el Artículo 18, en relación con ética pública, no esta aplicada a regalas. Artículo 18, la ley de ética pública, tiene 12 años y todavía no hay un Registro de Regalos y Beneficios.","Funcionarios Públicos, Anticorrupción",Español,Why doesn't a registry for gifts to public officials exist?,"http://acij.org.ar/sin-corrupcion/2012/clarin-escribe-sobre-nuestro-pedido-de-informacion/, http://acij.org.ar/sin-corrupcion/2012/respuesta-de-la-oa-acerca-de-la-reglamentacion-de-obsequios/","ACIJ and CIPCE (Centro de Investigación y Prevención de la Criminalidad Económica) asked for information from the Anticorruption Office (OA) regarding regulations on gifts to public officials. CIPCE and ACIJ asked the OA information regarding a) whether or not a mechanism from the Registry of Gifts and Benefits to Public Officials had been implemented b) ""if not, what where the reasons, and c) how long until some mechanism is implemented?"" OA responded on November 28 and gave no specific reasons for the absence of a mechanism and no timeline. The OA’s Director of Policy Planning on Transparency did not respond to most of the ONGs’ questions. Specifically, there was no response to why Article 18, dealing with public ethics, is not applied to gifts. Article 18, Ethics Law of Public Administration, is 12 years old and there is still no Registry of Gifts and Benefits.","Public Officials, Anti-Corruption",Spanish
El gobierno debe contestar los pedidos de información por orden de la justicia,http://acij.org.ar/sin-corrupcion/2012/el-gobierno-porteno-debe-contestar-los-pedidos-de-informacion-por-orden-de-la-justicia/,"En junio de 2012, la Asociación por los Derechos Civiles (ADC) pidió información del gobierno municipal de Buenos Aires sobre el gasto de propaganda pública en 2011, pero no recibió ninguna respuesta. ADC aboga por una ley con criterios claros, control, y transparencia sobre la publicidad oficial. Un caso judicial estaba fijada por el 22 de noviembre con ADC contra el gobierno de Buenos Aires donde ADC destacó la necesidad por una ley de libertad de información más fuerte.",Finanzas y Economía,Español,The government has to answer to information requests under judicial orders,http://acij.org.ar/sin-corrupcion/2012/el-gobierno-porteno-debe-contestar-los-pedidos-de-informacion-por-orden-de-la-justicia/,"In June 2012, the Asociación por los Derechos Civiles (ADC) asked for information from the Buenos Aires city government regarding public propaganda expenses in 2011, but received no reply. ADC advocates for a law establishing clear criteria, control, and transparency regarding official advertising. A court case was scheduled for November 22 pitting ADC against the Buenos Aires government where ADC emphasized the need for a stronger FOI law.",Finance and Economy,Spanish
El poder ejecutivo presenta problemas para las normas del aceso a la información,http://acij.org.ar/sin-corrupcion/2012/el-poder-ejecutivo-incumple-con-las-normas-de-acceso-a-la-informacion/,"Este artículo incluye un resumen de solicitudes hechas por la Asociación Civil por la Igualdad y la Justicia (ACIJ) en 2012: 1) La primera series era acera el accidente ferroviario en febrero. ACIJ pidió información de la Comisión Nacional de Regulación de Transporte (CNRT), la Secretaría de Transportes, Metrovías S.A., Ferrovías S.A.C., y la Administración de Infraestructuras Ferroviarias. Metrovías no has respondido, ni la Secretaría de Transportes, a pesar de pedir una extensión de 10 días. 2) ACIJ pidió información sobre el vicepresidente y la gestión de la empresa Sudamericana, anteriormente Ciccone, y recibió una respuesta de la Administración Federal de Ingresos Públicos (AFIP). 3) ACIJ recibió ninguna respuesta del Ministerio del Interior y Transporte ni del Ministerio de Planificación Federal sobre las irregularidades en la administración y la supervisión del SUBE.","Seguridad Pública, Funcionarios Públicos, Anticorrupción",Español,Executive power challenges standards for access to information,http://acij.org.ar/sin-corrupcion/2012/el-poder-ejecutivo-incumple-con-las-normas-de-acceso-a-la-informacion/,"This article includes a summary of requests made by the Asociación Civil por la Igualdad y la Justicia (ACIJ) in 2012: 1) The first series of requests dealt with the February rail accident. ACIJ asked for information from the National Commission for Transport Regulation (CNRT), the Secretary of Transportation, Metrovías S.A., Ferrovías S.A.C., and Railways Infrastructure Administration. Metrovias has not responded, and nor has the Secretary of Transportation, despite asking for a 10 day extension. 2) ACIJ asked for information regarding the vice president and his management of the company Sudamericana, formerly Ciccone, and received a response from the Federal Administration of Public Revenues (AFIP). 3) ACIJ received no response from the Ministry of Transportation or the Ministry of Federal Planning regarding irregularities in the administration and supervision of the SUBE transportation card.","Public Safety, Public Officials, Anti-Corruption",Spanish
El aceso a la información: solicitudes sin repuestas,http://blogs.lanacion.com.ar/data/acceso-a-la-informacion-2/acceso-a-la-informacion-pedidos-sin-respuesta-y-algunas-curiosidades/,"El equipo de datos de La Nación pidió por una copia física del sueldo presidencial el 7 de febrero de 2013. En enero de 2014, ellos pidieron por los sueldos de los oficiales primarios del Poder Ejecutivo; que debían ser proporcionados tras la solicitud. La copia física nunca fue realizada con éxito. En diciembre de 2012, el equipo pidió información sobre los viajes de Guillermo Moreno, el Secretario de Comercio Interior de 2005 a 2013. La solicitud se dejó sola sin una respuesta por 762 días. En 2013, el equipo pidió información sobre una resolución relativa de la La Autoridad de Cuenca Matanza Riachuelo (ACUMAR): número 1173/2012. El 6 de septiembre de 2013, Oscar Deina, el Director Ejecutivo de ACUMAR, dijo que la ley no fue regulada por la agencia. 293 días después, la agencia mandó el texto de la resolución. Enlaces y documentos a las solicitudes fueron disponibles en el artículo.","Finanzas y Economía, Funcionarios Públicos",Español,Access to information: requests without responses,http://blogs.lanacion.com.ar/data/acceso-a-la-informacion-2/acceso-a-la-informacion-pedidos-sin-respuesta-y-algunas-curiosidades/,"The La Nacion Data team asked for a physical copy of the President's salary on February 7, 2013. In January 2014, they asked for the salaries of the primary officials in the Executive Branch, which was supposed to be provided to them following the request. The physical copy was never successfully relayed to them. In December 2012, the team asked for information regarding the travels of Guillermo Moreno, the Secretary of Domestic Trade from 2005 to 2013. The request was left for 762 days without a response. In 2013, the team requested information regarding a specific resolution of ACUMAR's (a regional government agency): number 1173/2012. On September 6, 2013, Oscar Deina, Chief Executive of ACUMAR, said that the law was not regulated by the agency. 293 days later, the agency sent the text of the resolution. Links and documents to these requests are available in the article.","Finance and Economy, Public Officials",Spanish
La brecha de implementación del aceso a la información en Argentina,http://www.cipe.org/publications/detail/implementation-gap-access-information-argentina,"Es un reportaje sobre las solicitudes de información pública del Centro de Implementación de Políticas Públicas para la Equidad y el Crecimiento (CIPPEC) a 14 empresas estatales o empresas públicas (con 10% o más propiedad estatal) entre junio y julio de 2013. Ambos, estas 14 empresas representan 85% del presupuesto nacional asignado a empresas públicas. 9 empresas respondieron a las solicitudes y 5 no respondieron. 4 mandaron 10% o menos de la información pedida; 2 mandaron 25%; 3 mandaron ~65%. Las empresas que no respondieron adecuadamente porque “(i) la protección de secreto comercial; (ii) [estar] fuera del sector público nacional, entonces ellos no están afectados por el decreto 1172/2003; (iii) la información pedida exige el concepto de información en el decreto; (iv) la información es confidencial, […] (v) las balanzas comerciales de los últimos tres años no fueron aprobadas, entonces es imposible mandar información sobre los estados financieros.” Estas solicitudes cuestionan el problema de la privacidad como un vacío en leyes de información pública y subrayan la necesidad por una legislación más estricta.","Finanzas y Economía, Datos Personales y Confidencialidad, Empresas Públicas",Inglés,The implementation gap on access to information in Argentina,http://www.cipe.org/publications/detail/implementation-gap-access-information-argentina,"This is a report regarding the Center for the Implementation of Public Policies Promoting Equity and Growth's (CIPPEC) public info requests to 14 state-run companies or public entreprises (with 10% or more state ownership) between June & July 2013. Together, these 14 public entreprises represent 85% of the national budget allocated to government funded companies. Nine enterprises answered the access requests and five did not. Four sent 10% or less of the requested information; two sent 25%; three sent ~65%. Companies did answer satisfactory due to ""(i) the protection of commercial secrecy; (ii) [being] outside the orbit of the national public sector, so they are not affected by Decree 1172/2003; (iii) the requested information exceeded the concept of information set in the Decree; (iv) the information is confidential, [...] (v) trade balances of the last three years were not approved, so it was impossible to send information about the financial statements."" These requests challenge the issue of privacy as a loophole in public information law and highlight the need for stricter legislation.","Finance and Economy, Personal Information and Privacy, State Enterprise",English
Solicitudes de información de los directores del Banco Nación ,http://acij.org.ar/blog/2015/08/20/solicitud-de-informacion-sobre-directoresas-del-banco-nacion/,"La Asociación Civil por la Igualdad y la Justicia (ACIJ) pidió información sobre las condiciones para hacerse director del Banco Nacional. Por ejemplo, ellos pidieron por una copia de la Maestría en Economía del director actual. Ha sido más que 10 días, la cantidad de tiempo para recibir una respuesta. Las solicitudes de información pueden ser útiles en determinar si funcionarios públicos son cualificados para su posiciones, sacando actores corruptos del gobierno.        ",Funcionarios Públicos,Español,Requests for information on Banco Nación directors,http://acij.org.ar/blog/2015/08/20/solicitud-de-informacion-sobre-directoresas-del-banco-nacion/,"The Asociación Civil por la Igualdad y la Justicia (ACIJ) requested information on the requisites for becoming a director of the National Bank. For example, they asked for the copy of the current director's Masters Degree in Economics. It has been over 10 days, the amount of time allowed for a response under Decree 1172/03. They are currently still waiting for a response. Information requests can be useful in determining if public officials are qualified in their postions, rooting out potentially corrupt actors in the government.",Public Officials,Spanish
Los desafíos en acesando a la información sobre la educación de las personas con discapacidad.,http://acij.org.ar/blog/2015/06/04/demandan-al-estado-por-no-producir-informacion-sobre-la-situacion-educativa-de-las-personas-con-discapacidad/,"Para obtener información sobre la situación educativa de personas con discapacidad, el 29 de mayo en 2015, la Asociación Civil por la Igualdad y la Justicia (ACIJ) presentó una solicitud para acceder información. El estado respondió a la solicitud indicando que no hay datos disponibles sobre la trayectoria educativa de personas con discapacidad. La incapacidad del estado en proporcionar información no está en línea con Artículo 24 sobre los Derechos de Personas con Discapacidades. ACIJ, junto con la Asociación por los Derechos Civiles (ADC), la Asociación Síndrome de Down de la República Argentina (ASDRA) y la Red por los Derechos de las Personas con Discapacidad (REDI), decidieron tomar el caso a corte para demandar que el Ministerio de Educación proporcione la información. Estas acciones aseguran la verificación ciudadana en ofrecer servicios como la educación.",Educación,Español,Challenges in accessing information on education for people with disabilities,http://acij.org.ar/blog/2015/06/04/demandan-al-estado-por-no-producir-informacion-sobre-la-situacion-educativa-de-las-personas-con-discapacidad/,"In order to obtain information about the educational situation of people with disabilities, on May 29, 2015, the Asociación Civil por la Igualdad y la Justicia (ACIJ) submitted an access to information request. The state responded to the request indicating that there was no available data about the educational trajectory of people with disabilities. The state's inability to produce information does not line up with Article 24 over the Rights of Disabled People. ACIJ, together with the Asociación por los Derechos Civiles (ADC), la Asociación Síndrome de Down de la República Argentina (ASDRA) and la Red por los Derechos de las Personas con Discapacidad (REDI), decided to take the case to court in order to require the Ministry of Education to produce the information. Such actions ensure citizen-led checking of government provided services such as education.",Education,Spanish
La transparencia y un análisis de los programas de salud mental con un enfoque en los derechos,http://acij.org.ar/blog/2015/09/10/informe-transparencia-y-analisis-presupuestario-de-las-politicas-de-salud-mental-con-enfoque-de-derechos-by-asociacion-civil-por-la-igualdad-y-la-justicia/,La Dirección de Salud Mental no respondió a las solicitudes de información por parte de la Asociación Civil por la Igualdad y la Justicia (ACIJ). ACIJ hizo varias solicitudes sobre diferentes aspectos de la programación de salud mental en varios hospitales y centros de salud. Estas solicitudes también no fueron respondidas.  ,Salud Pública,Español,Transparency and budget analysis of mental health programming with a focus on rights,http://acij.org.ar/blog/2015/09/10/informe-transparencia-y-analisis-presupuestario-de-las-politicas-de-salud-mental-con-enfoque-de-derechos-by-asociacion-civil-por-la-igualdad-y-la-justicia/,The National Direction of Mental Health did not respond to the Asociación Civil por la Igualdad y la Justicia's (ACIJ) requests for information. ACIJ made numerous requests on different aspects of mental health programming in several hospitals and health centers. These requests were also not answered.,Public Health,Spanish
La información pública sobre el uso de la anestesia epidural,http://www.adc.org.ar/publicaciones/download-category/pub-acceso-a-la-informacion/,"Desde 2014, ADC ha pedido acceso de información sobre el uso de calmantes epidural durante el alumbramiento en hospitales en Buenos Aires. Ellos preguntaron 12 hospitales en 2014 y 2015, con la mayoría de hospitales respondiendo a la solicitud.",Salud Pública,Español,Public information on the use of epidural pain killers,http://www.adc.org.ar/publicaciones/download-category/pub-acceso-a-la-informacion/,"Since 2014 ,the Asociación por los Derechos Civiles (ADC) has asked for information access regarding the use of epidural painkillers when giving birth in hospitals of Buenos Aires. They asked 12 hopsitals in 2014 and 2015, with most hospitals responding to the request.",Public Health,Spanish
¿Cuanto pagó el estado para los abogados que los representáron en la Haya?,http://www.adc.org.ar/425_cuanto-pago-el-estado-por-los-abogados-que-lo-representan-ante-la-haya-por-el-conflicto-de-botnia/,"En noviembre de 2007, el periodista de Clarín Pablo Abiad, apoyado por la Asociación por los Derechos Civiles (ADC), demandó información sobre cuánto el estado paga los abogados en la Corte Internacional de Justicia (CIJ) sobre la disputa de pasta de papel del río Uruguay. La información fue publicada en cuanto Clarín anunció un artículo el 4 de noviembre titulado “Honorarios en La Haya, Un Secreto del Estado.” El siguiente día, el Ministerio de Asuntos Exteriores emitió la Resolución 2363, que declaró que proporcionar la información pedida no pone en peligro la posición argentina en CIJ.           ",Finanzas y Economía,Español,How much did the state pay for the lawyers that represented them at the Hague for the Botnia conflict?,http://www.adc.org.ar/425_cuanto-pago-el-estado-por-los-abogados-que-lo-representan-ante-la-haya-por-el-conflicto-de-botnia/,"In November 2007, Clarin journalist Pablo Abiad, sponsored by the Asociación por los Derechos Civiles (ADC), demanded information regarding the how much the state paid lawyers in the International Court of Justice (ICJ) regarding the Uruguay River pulp mill dispute. The information was released once Clarin released an article on November 4 titled ""Fees in the Hague, a State Secret"" The following day, the Foreign Ministry issued Resolution 2363, which stated that providing the requested information does not jeopardize Argentina's position before the ICJ.",Finance and Economy,Spanish
